Employee_ID;Age;Years_at_Company;Performance_Score;Leadership_Score;Training_Hours;Projects_Handled;Peer_Review_Score;Current_Position_Level;Promotion_Eligible
EMP0001;24;21;2;44;42;19;61;Junior;0
EMP0002;50;8;5;45;66;11;6;Junior;0
EMP0003;56;9;5;19;96;6;86;Lead;0
EMP0004;39;24;4;51;16;6;52;Senior;0
EMP0005;41;;4;64;57;16;59;Junior;0
EMP0006;44;;1;76;143;19;32;Junior;1
EMP0007;55;19;4;75;98;5;91;Senior;0
EMP0008;;11;3;67;145;8;19;Mid;0
EMP0009;31;6;2;75;184;19;36;Junior;0
EMP0010;54;17;1;92;71;1;1;Mid;0
EMP0011;54;14;4;51;63;5;94;Mid;1
EMP0012;47;5;4;15;108;10;34;Junior;0
EMP0013;41;16;1;95;127;2;87;Mid;1
EMP0014;36;24;4;47;61;14;53;Lead;1
EMP0015;58;4;4;22;143;14;48;Junior;0
EMP0016;54;14;4;1;186;2;3;Lead;0
EMP0017;38;27;1;69;31;10;68;Lead;0
EMP0018;26;15;3;;72;2;;Junior;0
EMP0019;25;18;1;93;57;17;87;Senior;0
EMP0020;24;2;1;62;36;12;73;Lead;1
EMP0021;42;2;4;27;18;18;50;Junior;1
EMP0022;24;14;3;22;122;6;77;Senior;
EMP0023;42;15;2;1;197;;80;Mid;1
EMP0024;29;7;5;33;;18;;Senior;0
EMP0025;57;;2;80;180;;88;Lead;0
EMP0026;50;4;4;88;4;7;62;Junior;1
EMP0027;55;14;2;10;131;16;56;Mid;0
EMP0028;43;15;3;;40;14;12;Lead;0
EMP0029;52;13;3;52;;0;8;Junior;0
EMP0030;49;20;4;62;192;2;4;Mid;0
EMP0031;56;16;3;61;13;8;;Mid;0
EMP0032;55;6;4;38;170;13;16;Lead;1
EMP0033;34;4;4;18;38;14;2;Mid;0
EMP0034;25;23;1;1;56;18;75;Senior;0
EMP0035;27;26;2;42;80;;45;Senior;0
EMP0036;22;24;1;30;31;14;53;Lead;0
EMP0037;33;20;4;64;79;10;19;Lead;0
EMP0038;56;13;5;;82;17;21;Junior;1
EMP0039;32;7;5;;28;15;41;Lead;1
EMP0040;44;13;4;63;170;10;78;Junior;0
EMP0041;35;1;5;10;128;10;39;Mid;1
EMP0042;40;14;2;89;115;7;54;Lead;0
EMP0043;58;2;1;12;74;10;6;Mid;0
EMP0044;37;25;2;92;49;19;68;Mid;0
EMP0045;49;3;3;62;25;;64;Lead;0
EMP0046;52;1;1;;171;2;79;Senior;0
EMP0047;28;2;1;49;72;5;59;Junior;1
EMP0048;48;22;2;12;179;17;73;Senior;0
EMP0049;-3;20;1;82;196;7;64;Senior;0
EMP0050;28;14;4;29;;19;98;Senior;1
EMP0051;36;2;2;53;94;13;13;Senior;0
EMP0052;33;;5;36;157;;33;Lead;0
EMP0053;29;8;2;24;92;12;46;Lead;1
EMP0054;23;;5;34;142;2;15;Senior;0
EMP0055;59;19;2;45;36;13;74;Junior;0
EMP0056;47;10;4;54;189;3;21;Junior;0
EMP0057;42;;3;81;84;11;25;Lead;1
EMP0058;34;25;;16;106;8;7;Senior;0
EMP0059;40;25;4;62;60;1;7;Senior;0
EMP0060;39;;3;13;147;18;6;Mid;1
EMP0061;23;29;5;14;153;1;60;;0
EMP0062;49;9;4;76;161;8;39;Lead;0
EMP0063;44;28;3;3;130;18;;Junior;0
EMP0064;25;3;3;2;192;16;28;Junior;
EMP0065;25;25;2;44;101;12;24;Junior;0
EMP0066;33;16;1;19;171;17;82;Junior;1
EMP0067;43;24;2;9;127;4;36;Senior;1
EMP0068;;10;1;24;31;18;15;Senior;1
EMP0069;56;26;4;3;192;4;67;;0
EMP0070;25;23;2;83;189;11;25;Senior;0
EMP0071;33;14;4;86;91;18;0;Lead;0
EMP0072;25;11;3;3;180;7;27;Lead;0
EMP0073;52;24;2;8;5;9;;Mid;1
EMP0074;28;25;5;56;66;15;32;Senior;1
EMP0075;31;6;3;47;92;9;69;Senior;0
EMP0076;45;23;5;28;196;19;85;Mid;0
EMP0077;36;12;5;57;171;9;23;Mid;1
EMP0078;41;29;1;88;191;8;68;;0
EMP0079;28;2;5;34;;4;60;Lead;0
EMP0080;34;21;2;13;105;6;84;Junior;0
EMP0081;49;20;4;33;24;4;46;Lead;0
EMP0082;39;13;5;45;197;14;25;Mid;0
EMP0083;32;2;1;11;111;;92;Mid;1
EMP0084;57;23;5;63;141;16;52;Mid;0
EMP0085;57;28;4;47;89;;81;Mid;0
EMP0086;23;12;2;89;91;19;;Junior;0
EMP0087;38;29;5;78;21;2;34;Junior;0
EMP0088;27;5;3;65;41;19;19;Mid;0
EMP0089;44;10;4;6;9;9;32;Senior;1
EMP0090;37;10;5;89;91;13;;Mid;1
EMP0091;47;3;4;20;84;0;65;Junior;0
EMP0092;22;17;4;;132;14;20;Junior;0
EMP0093;57;21;4;59;131;17;86;Mid;0
EMP0094;51;1;4;27;148;10;51;Junior;1
EMP0095;23;29;1;60;120;3;82;Lead;0
EMP0096;41;4;1;35;66;4;98;Mid;0
EMP0097;26;27;1;89;93;5;14;Junior;1
EMP0098;52;40;;28;123;16;47;Lead;1
EMP0099;29;2;2;21;125;9;31;Junior;0
EMP0100;51;2;3;78;89;16;88;Junior;0
EMP0101;23;20;1;21;139;17;34;Lead;0
EMP0102;34;27;4;39;141;5;79;Mid;0
EMP0103;25;20;1;84;110;9;47;Mid;0
EMP0104;29;9;3;30;136;8;10;Senior;1
EMP0105;46;26;1;6;49;3;75;Mid;0
EMP0106;;11;4;66;93;16;18;Senior;0
EMP0107;35;26;1;95;118;19;51;Lead;0
EMP0108;50;4;2;67;86;;11;Lead;0
EMP0109;42;11;4;53;46;4;25;Junior;0
EMP0110;58;22;2;27;145;6;48;Junior;
EMP0111;54;21;5;72;132;6;55;Junior;0
EMP0112;46;22;5;69;11;8;39;Mid;0
EMP0113;35;22;5;3;32;15;79;Senior;
EMP0114;30;14;3;44;101;9;5;Junior;0
EMP0115;36;25;1;29;25;2;;Lead;0
EMP0116;28;21;1;20;53;4;58;Junior;0
EMP0117;23;27;4;52;132;8;2;Lead;0
EMP0118;52;12;2;47;2;14;16;Senior;0
EMP0119;28;2;2;7;83;13;9;Mid;0
EMP0120;32;4;4;95;110;9;11;Lead;0
EMP0121;34;11;5;13;51;17;46;Lead;0
EMP0122;34;5;2;71;62;0;67;Junior;
EMP0123;47;3;1;34;43;2;81;Lead;0
EMP0124;29;13;3;83;124;19;17;Junior;1
EMP0125;35;14;2;;;;33;Senior;0
EMP0126;23;4;1;68;179;6;31;Mid;0
EMP0127;36;7;5;59;154;16;85;Senior;0
EMP0128;;1;3;79;;4;46;Lead;0
EMP0129;55;1;5;47;62;19;24;Lead;0
EMP0130;25;7;1;5;117;12;32;Mid;1
EMP0131;39;24;5;75;39;4;13;Lead;0
EMP0132;46;24;4;21;59;11;57;Junior;0
EMP0133;45;29;1;13;144;19;33;Senior;1
EMP0134;27;26;5;11;24;16;;Lead;0
EMP0135;55;10;4;65;93;8;3;Mid;0
EMP0136;59;;4;81;131;18;23;Mid;1
EMP0137;24;26;5;25;0;3;89;Junior;0
EMP0138;40;16;5;29;156;12;57;Mid;1
EMP0139;57;25;4;14;;12;87;Junior;1
EMP0140;40;29;1;9;111;17;84;Lead;
EMP0141;49;18;1;58;169;15;50;Junior;0
EMP0142;31;5;5;79;186;16;35;;
EMP0143;39;24;3;97;180;16;95;Junior;1
EMP0144;25;23;2;24;151;15;;Mid;0
EMP0145;33;23;5;73;74;9;55;Lead;0
EMP0146;48;9;4;48;16;;42;Mid;0
EMP0147;50;1;;11;157;5;17;Mid;0
EMP0148;33;25;3;85;135;2;79;Senior;0
EMP0149;32;14;2;26;186;7;79;Lead;
EMP0150;25;22;2;;46;17;33;Senior;0
EMP0151;45;21;3;72;194;;75;;0
EMP0152;47;24;1;33;120;18;44;Senior;0
EMP0153;49;13;4;1;38;14;50;Lead;1
EMP0154;25;24;5;62;116;9;94;;0
EMP0155;57;12;;49;141;5;82;Junior;0
EMP0156;36;20;2;98;129;15;44;Lead;1
EMP0157;43;16;2;51;164;8;73;Junior;0
EMP0158;45;10;2;93;159;5;39;Lead;0
EMP0159;45;1;3;2;95;12;48;Senior;1
EMP0160;58;28;2;53;32;3;35;Lead;0
EMP0161;;20;1;69;76;14;21;Senior;0
EMP0162;27;15;1;10;125;9;25;Lead;1
EMP0163;31;1;4;17;191;16;54;Junior;1
EMP0164;24;28;4;73;30;12;72;Senior;0
EMP0165;59;19;1;92;198;6;24;Junior;0
EMP0166;55;7;3;19;146;19;88;;1
EMP0167;27;3;4;6;83;8;8;Lead;1
EMP0168;31;20;4;87;59;9;18;Mid;0
EMP0169;37;26;3;;161;2;98;Senior;0
EMP0170;50;27;4;;62;12;89;Senior;0
EMP0171;24;26;5;24;103;9;73;Mid;0
EMP0172;32;24;5;10;173;3;79;Junior;1
EMP0173;58;9;1;15;;6;9;Senior;1
EMP0174;25;22;5;63;179;5;59;Mid;1
EMP0175;25;28;5;38;65;4;69;Mid;0
EMP0176;45;11;3;54;113;6;72;Senior;0
EMP0177;49;5;4;0;148;;56;Junior;0
EMP0178;56;10;1;73;58;4;0;Senior;0
EMP0179;59;23;2;42;44;5;66;Junior;0
EMP0180;45;4;2;9;187;10;35;Junior;0
EMP0181;43;24;3;10;113;1;;Lead;0
EMP0182;47;24;;7;106;18;95;;0
EMP0183;39;19;5;26;111;11;23;Mid;0
EMP0184;24;14;5;18;199;1;78;Lead;0
EMP0185;32;12;2;31;137;4;42;Senior;0
EMP0186;30;4;5;51;144;5;34;;0
EMP0187;54;5;1;74;106;6;62;Mid;0
EMP0188;;22;5;;61;15;58;Mid;1
EMP0189;57;20;2;99;171;9;60;Senior;1
EMP0190;25;0;5;97;19;10;95;Mid;1
EMP0191;23;15;1;18;24;17;17;Junior;0
EMP0192;29;16;1;68;23;18;6;Lead;1
EMP0193;28;25;5;79;65;17;78;Lead;0
EMP0194;;0;4;66;63;2;68;Junior;0
EMP0195;55;;3;87;4;;28;Lead;0
EMP0196;40;1;1;94;54;1;;Lead;0
EMP0197;50;20;1;39;1;6;77;Lead;0
EMP0198;27;7;2;66;64;14;17;Lead;0
EMP0199;31;0;4;52;52;10;41;Junior;0
EMP0200;26;1;2;22;;6;90;Mid;1
EMP0201;45;;2;2;12;7;66;Senior;0
EMP0202;43;13;2;90;150;10;85;Mid;0
EMP0203;47;2;;92;22;5;17;;0
EMP0204;58;25;2;92;68;10;40;Lead;0
EMP0205;50;25;5;71;169;11;6;Junior;0
EMP0206;57;23;1;9;;15;74;Mid;0
EMP0207;41;28;3;20;181;11;62;Mid;0
EMP0208;;11;3;77;130;12;79;Senior;0
EMP0209;36;18;4;24;3;9;53;Mid;0
EMP0210;36;8;4;64;89;7;24;Senior;1
EMP0211;45;3;3;69;147;7;3;Junior;1
EMP0212;50;4;5;6;135;18;40;Junior;1
EMP0213;38;20;1;79;161;10;33;Lead;0
EMP0214;46;4;5;49;72;15;75;Senior;1
EMP0215;37;11;3;89;4;5;83;Senior;0
EMP0216;38;;3;36;30;9;84;Senior;1
EMP0217;42;10;1;;174;2;89;Mid;1
EMP0218;48;27;1;56;119;6;99;Junior;0
EMP0219;26;29;;21;117;7;8;Senior;0
EMP0220;43;26;4;7;43;1;14;Junior;0
EMP0221;54;21;5;39;35;1;62;Senior;0
EMP0222;23;21;3;93;196;17;;Junior;0
EMP0223;56;2;5;27;74;19;21;Mid;1
EMP0224;40;20;4;13;150;8;44;Lead;1
EMP0225;48;10;2;48;111;9;73;Lead;0
EMP0226;57;;1;63;182;3;23;Mid;0
EMP0227;23;28;3;22;85;9;70;Senior;0
EMP0228;39;16;3;69;32;10;;Senior;0
EMP0229;44;9;2;66;186;8;86;Lead;0
EMP0230;47;14;3;64;157;12;49;Mid;0
EMP0231;32;16;3;92;112;18;50;Lead;0
EMP0232;22;11;2;16;164;1;82;Lead;0
EMP0233;57;28;4;50;73;1;;Mid;0
EMP0234;;3;1;45;36;13;51;Lead;0
EMP0235;52;6;4;37;161;4;15;Mid;0
EMP0236;29;23;2;62;189;10;56;Junior;0
EMP0237;45;12;5;33;24;6;24;Mid;0
EMP0238;41;23;1;69;149;14;69;;0
EMP0239;36;13;5;10;181;11;70;Mid;0
EMP0240;51;23;3;55;198;;46;Mid;1
EMP0241;41;25;1;18;52;11;0;Lead;1
EMP0242;59;10;5;66;93;1;48;Lead;0
EMP0243;23;2;5;48;127;18;93;Junior;0
EMP0244;27;10;;50;178;0;30;Mid;0
EMP0245;39;;3;12;73;11;5;Senior;0
EMP0246;57;13;1;66;130;2;93;Lead;0
EMP0247;35;17;4;48;;7;59;Mid;0
EMP0248;47;5;;;163;0;21;Junior;0
EMP0249;55;19;1;8;73;9;19;Lead;1
EMP0250;51;0;5;79;21;2;61;Mid;0
EMP0251;28;16;2;58;131;9;0;Lead;0
EMP0252;51;16;2;41;168;8;71;Senior;0
EMP0253;39;7;3;93;4;19;76;Mid;0
EMP0254;43;17;4;11;22;4;84;Mid;0
EMP0255;38;11;;22;42;9;51;Mid;0
EMP0256;52;14;1;35;193;12;14;Mid;0
EMP0257;38;3;2;35;127;;73;Junior;0
EMP0258;52;3;5;82;77;7;82;Senior;0
EMP0259;34;15;4;71;65;7;37;Senior;0
EMP0260;48;6;4;50;;12;80;Lead;0
EMP0261;41;16;2;85;39;18;48;Junior;0
EMP0262;38;24;5;98;28;15;11;Senior;0
EMP0263;50;14;1;80;55;;63;Mid;
EMP0264;56;16;1;76;;10;38;Junior;0
EMP0265;29;;1;63;27;5;66;Mid;0
EMP0266;59;;;55;155;4;35;;0
EMP0267;36;0;;30;130;;38;Mid;1
EMP0268;22;27;1;70;27;4;28;Senior;0
EMP0269;;;2;76;40;15;74;Lead;1
EMP0270;24;;4;6;111;15;85;Senior;
EMP0271;59;;2;57;153;16;29;Lead;0
EMP0272;36;27;3;77;25;6;95;Mid;0
EMP0273;39;12;3;88;20;12;25;;1
EMP0274;59;27;4;79;184;17;31;Junior;1
EMP0275;52;7;5;75;;9;27;Junior;1
EMP0276;41;1;3;46;52;10;78;Junior;1
EMP0277;;9;2;50;44;3;40;;0
EMP0278;;21;4;97;88;6;54;Mid;1
EMP0279;48;6;5;14;143;19;89;Lead;0
EMP0280;29;16;3;35;105;12;52;Mid;0
EMP0281;35;;5;67;71;7;51;Senior;1
EMP0282;36;11;1;12;185;14;13;Mid;0
EMP0283;28;19;1;62;89;6;32;Mid;0
EMP0284;54;29;1;87;4;18;31;Mid;0
EMP0285;55;29;3;55;181;16;97;Senior;0
EMP0286;25;27;5;0;166;18;37;Junior;1
EMP0287;22;6;;21;52;15;;Mid;0
EMP0288;35;25;;0;130;11;75;Mid;0
EMP0289;52;25;2;33;176;7;7;Mid;0
EMP0290;59;11;2;77;86;2;9;Senior;0
EMP0291;41;60;3;5;171;14;91;Mid;0
EMP0292;24;21;5;96;40;17;90;Junior;0
EMP0293;;22;2;93;157;0;21;Senior;0
EMP0294;54;24;5;21;73;10;55;Junior;0
EMP0295;36;7;2;44;196;4;16;Junior;0
EMP0296;24;1;5;8;8;5;97;Mid;1
EMP0297;49;28;3;53;164;19;62;Mid;1
EMP0298;48;19;3;0;105;14;21;Senior;0
EMP0299;54;14;4;28;60;6;38;Lead;0
EMP0300;40;1;2;62;163;4;85;Lead;0
EMP0301;54;11;1;8;24;16;78;Lead;1
EMP0302;;25;4;86;172;13;58;Lead;0
EMP0303;25;17;1;84;26;1;42;Junior;1
EMP0304;150;26;2;86;8;6;61;Lead;1
EMP0305;49;;3;5;;10;89;Senior;1
EMP0306;37;6;1;79;107;6;83;Junior;0
EMP0307;49;9;3;39;27;11;19;Mid;0
EMP0308;;26;4;61;165;18;;Lead;1
EMP0309;43;1;4;14;108;18;18;Lead;1
EMP0310;52;;3;74;133;5;;Lead;0
EMP0311;42;13;5;12;172;16;91;Lead;0
EMP0312;;26;2;39;114;7;97;Senior;0
EMP0313;28;15;5;30;174;13;2;;0
EMP0314;54;22;4;69;47;0;83;Junior;0
EMP0315;29;12;2;58;153;6;77;Mid;0
EMP0316;35;3;5;33;173;19;47;Lead;1
EMP0317;46;27;1;29;135;16;81;Mid;0
EMP0318;53;22;5;44;90;;10;Lead;
EMP0319;49;18;3;48;96;7;95;Junior;0
EMP0320;23;;1;62;133;13;78;Senior;0
EMP0321;38;20;3;75;;2;79;Mid;0
EMP0322;48;6;1;74;180;19;88;Mid;0
EMP0323;23;28;4;58;13;1;63;Junior;0
EMP0324;29;13;2;5;140;19;94;Lead;0
EMP0325;59;12;1;58;56;16;52;Lead;0
EMP0326;41;15;4;9;68;17;2;Mid;0
EMP0327;;17;4;65;41;1;60;Mid;0
EMP0328;42;19;2;38;197;18;42;Senior;0
EMP0329;47;12;2;32;27;5;6;Junior;1
EMP0330;52;;1;53;150;4;46;Lead;1
EMP0331;41;3;;71;22;6;9;Junior;1
EMP0332;27;5;4;44;178;7;28;Junior;0
EMP0333;36;23;2;33;160;4;;Lead;
EMP0334;22;27;3;78;166;1;30;Lead;0
EMP0335;47;17;2;30;187;19;26;Mid;0
EMP0336;50;23;3;53;141;13;57;;1
EMP0337;23;16;3;75;47;13;94;Senior;1
EMP0338;43;19;5;97;39;9;59;Lead;
EMP0339;50;12;3;4;63;13;17;Junior;0
EMP0340;;21;2;47;;9;14;Lead;1
EMP0341;42;1;1;90;43;;63;Senior;1
EMP0342;53;7;4;66;44;2;31;Lead;0
EMP0343;53;25;;80;102;13;16;Lead;
EMP0344;47;1;1;57;143;11;50;Lead;0
EMP0345;34;14;3;20;-50;12;17;Senior;
EMP0346;24;4;5;4;114;13;47;Lead;0
EMP0347;53;15;2;59;97;12;;Mid;1
EMP0348;54;15;4;70;133;11;76;;0
EMP0349;54;13;3;;68;4;92;;0
EMP0350;34;26;;48;24;4;56;;1
EMP0351;27;9;5;30;188;14;97;Junior;0
EMP0352;25;27;3;38;43;4;64;Senior;0
EMP0353;59;9;2;81;100;5;78;Lead;0
EMP0354;27;13;3;63;183;13;45;Mid;0
EMP0355;24;22;3;24;135;15;57;Mid;0
EMP0356;48;13;2;56;165;6;69;Mid;1
EMP0357;41;23;1;83;56;8;97;Lead;1
EMP0358;39;2;3;98;191;7;5;Lead;0
EMP0359;41;19;2;10;167;3;77;Mid;1
EMP0360;51;14;3;46;34;18;1;Lead;0
EMP0361;31;27;3;51;75;7;69;Lead;1
EMP0362;44;19;4;18;164;11;24;Mid;0
EMP0363;24;17;;50;151;19;13;Senior;1
EMP0364;30;25;3;45;20;11;43;Lead;0
EMP0365;40;27;4;82;107;3;42;Mid;1
EMP0366;57;5;3;0;70;;48;Lead;1
EMP0367;48;26;2;20;103;8;84;Mid;0
EMP0368;49;0;3;49;199;4;17;Junior;1
EMP0369;29;11;3;86;117;18;38;Mid;0
EMP0370;29;;2;99;1;4;33;Junior;0
EMP0371;39;26;1;81;83;3;76;Junior;1
EMP0372;10;6;3;71;85;18;77;Mid;0
EMP0373;34;26;3;64;94;0;57;Senior;0
EMP0374;48;3;5;10;87;8;85;Junior;0
EMP0375;37;29;2;81;194;0;68;Lead;0
EMP0376;30;23;1;;10;1;90;Junior;0
EMP0377;48;19;3;97;106;14;23;Junior;0
EMP0378;38;22;;38;111;15;53;Lead;0
EMP0379;;16;2;33;1000;14;96;Junior;0
EMP0380;25;2;1;96;164;14;76;Junior;0
EMP0381;22;;1;10;178;13;54;Mid;0
EMP0382;35;14;5;76;16;3;36;Senior;0
EMP0383;29;0;2;64;172;16;56;Lead;0
EMP0384;28;4;3;81;106;14;;Lead;0
EMP0385;51;20;4;14;108;1;36;Senior;
EMP0386;46;2;2;92;48;7;;Lead;0
EMP0387;37;;5;58;156;17;37;Junior;0
EMP0388;32;28;1;5;91;2;44;Mid;0
EMP0389;;;;88;11;15;79;Junior;0
EMP0390;54;27;3;86;9;16;0;Mid;0
EMP0391;42;24;3;98;;2;35;Senior;1
EMP0392;31;26;1;56;70;1;27;Senior;0
EMP0393;30;28;1;93;18;16;8;Lead;1
EMP0394;22;15;3;83;2000;3;79;Senior;1
EMP0395;55;11;4;41;165;4;35;Mid;1
EMP0396;52;;1;50;64;6;51;Junior;0
EMP0397;;12;2;72;149;3;95;Lead;0
EMP0398;45;25;;82;;13;13;Senior;
EMP0399;40;21;5;62;164;1;85;Junior;0
EMP0400;42;18;2;;100;9;79;Junior;0
EMP0401;46;11;1;12;177;11;8;Lead;0
EMP0402;41;11;4;25;52;0;96;Senior;0
EMP0403;47;15;4;58;115;14;12;Junior;0
EMP0404;28;17;;50;89;;32;Junior;0
EMP0405;24;22;3;34;108;;63;Junior;1
EMP0406;29;27;1;58;163;12;24;;0
EMP0407;51;9;1;84;102;19;69;Mid;0
EMP0408;32;2;3;72;79;13;65;Lead;0
EMP0409;29;8;3;98;7;5;36;Mid;0
EMP0410;58;20;3;62;118;9;70;Senior;0
EMP0411;38;16;5;34;138;19;56;;0
EMP0412;29;1;2;19;97;17;21;Mid;0
EMP0413;51;4;4;6;21;0;68;Mid;0
EMP0414;37;28;5;46;59;9;60;Lead;0
EMP0415;25;10;4;67;;0;92;Junior;1
EMP0416;42;20;1;40;14;13;64;Senior;1
EMP0417;55;4;1;50;145;19;4;Lead;0
EMP0418;;1;1;86;51;10;82;;1
EMP0419;34;17;5;73;;4;66;Mid;1
EMP0420;48;25;1;40;194;6;71;Mid;1
EMP0421;29;4;4;35;80;2;6;Lead;
EMP0422;50;26;;63;123;16;22;Mid;1
EMP0423;37;9;3;74;14;8;23;Lead;1
EMP0424;26;6;1;59;175;16;;Lead;0
EMP0425;58;12;4;31;121;1;61;Junior;0
EMP0426;;1;1;31;145;14;64;Junior;0
EMP0427;36;22;;95;117;2;51;Junior;0
EMP0428;42;7;5;98;27;8;45;Mid;0
EMP0429;55;2;2;57;117;1;32;Senior;0
EMP0430;43;20;3;54;35;9;93;Senior;0
EMP0431;43;9;2;75;187;17;79;;0
EMP0432;30;2;1;;19;;4;Junior;0
EMP0433;47;14;4;79;169;16;24;Senior;1
EMP0434;34;9;5;18;18;15;48;Mid;1
EMP0435;39;;3;38;8;11;43;Junior;0
EMP0436;22;8;3;39;134;8;25;Mid;0
EMP0437;44;20;5;35;27;8;37;Mid;1
EMP0438;54;15;4;8;49;14;47;Mid;0
EMP0439;52;23;3;39;75;5;51;Senior;1
EMP0440;42;19;4;22;145;14;63;;0
EMP0441;44;29;3;36;180;17;44;Mid;0
EMP0442;37;;;;105;8;;Lead;0
EMP0443;48;0;1;23;110;10;47;Senior;1
EMP0444;;3;3;28;158;8;11;Lead;0
EMP0445;59;27;2;55;166;2;94;Mid;1
EMP0446;35;6;3;83;120;10;16;Senior;0
EMP0447;58;23;4;;116;1;81;Mid;0
EMP0448;28;17;5;72;88;4;95;Senior;0
EMP0449;33;3;5;80;135;18;90;Junior;0
EMP0450;49;20;4;61;12;9;69;Junior;0
EMP0451;24;29;1;93;48;15;91;Lead;1
EMP0452;43;6;2;84;85;18;94;Mid;
EMP0453;42;29;3;5;;16;;Lead;0
EMP0454;50;26;3;9;197;8;58;Mid;1
EMP0455;41;16;4;12;;11;27;Mid;0
EMP0456;24;25;3;12;46;9;99;Mid;
EMP0457;48;18;4;60;20;0;8;Junior;1
EMP0458;42;13;4;36;69;14;71;Lead;0
EMP0459;54;22;4;76;168;6;97;Junior;0
EMP0460;51;19;5;74;170;5;75;Junior;1
EMP0461;30;7;3;11;25;17;94;Junior;0
EMP0462;59;9;5;54;4;;99;Junior;0
EMP0463;44;25;4;43;38;;53;Junior;0
EMP0464;44;6;4;76;32;17;6;Mid;0
EMP0465;22;0;;81;39;7;7;Junior;0
EMP0466;42;8;3;58;147;10;86;Mid;0
EMP0467;53;1;5;70;162;5;84;Senior;1
EMP0468;47;25;3;12;;9;53;Senior;0
EMP0469;54;;2;99;28;9;26;Senior;0
EMP0470;30;3;2;7;45;2;12;Senior;1
EMP0471;38;;2;61;60;13;51;Mid;1
EMP0472;27;6;2;9;67;7;40;Lead;1
EMP0473;28;4;4;7;179;13;2;Lead;1
EMP0474;28;21;5;37;174;2;19;Junior;0
EMP0475;58;1;1;48;46;1;10;Lead;0
EMP0476;26;15;1;8;102;;56;Lead;0
EMP0477;54;13;2;88;133;3;97;Junior;0
EMP0478;31;27;5;32;53;8;43;Lead;1
EMP0479;38;8;3;56;175;19;65;Junior;0
EMP0480;49;5;3;62;193;2;96;Mid;1
EMP0481;43;12;2;48;76;15;6;Junior;0
EMP0482;42;15;2;11;54;10;94;Mid;1
EMP0483;53;22;3;;;2;91;Senior;1
EMP0484;53;18;1;85;36;5;58;Lead;0
EMP0485;57;4;1;54;132;2;26;;0
EMP0486;52;22;4;;105;;80;Mid;0
EMP0487;27;8;1;71;5;18;90;Senior;1
EMP0488;42;1;3;0;111;10;77;Lead;1
EMP0489;56;23;2;72;48;19;12;Mid;0
EMP0490;35;26;3;3;26;16;33;Senior;0
EMP0491;44;4;3;19;50;5;89;Mid;1
EMP0492;;11;4;73;;12;62;;0
EMP0493;51;9;1;75;39;0;25;Mid;0
EMP0494;31;9;1;27;18;17;24;Mid;1
EMP0495;26;28;3;90;39;15;0;Senior;
EMP0496;51;18;4;85;66;19;19;Mid;0
EMP0497;28;10;3;33;130;5;14;Lead;0
EMP0498;27;11;5;91;141;2;;Senior;0
EMP0499;29;16;5;42;62;5;91;Lead;0
EMP0500;47;0;1;11;5;5;98;Junior;1
EMP0501;39;3;3;62;98;16;;Senior;0
EMP0502;57;26;1;76;57;19;83;Senior;0
EMP0503;47;27;5;95;73;15;83;Junior;0
EMP0504;57;4;5;93;40;2;3;Junior;
EMP0505;25;29;3;29;18;19;59;Senior;1
EMP0506;34;13;4;21;186;;93;Junior;0
EMP0507;45;29;1;98;168;9;94;;0
EMP0508;52;25;3;36;56;19;40;Senior;0
EMP0509;43;28;5;34;120;17;3;Junior;0
EMP0510;39;13;1;43;174;10;62;Lead;0
EMP0511;55;20;2;51;0;10;48;Mid;1
EMP0512;44;2;1;60;93;4;18;Mid;0
EMP0513;58;17;4;;67;7;12;Senior;0
EMP0514;22;24;3;76;182;3;79;Junior;0
EMP0515;41;2;3;80;44;1;19;Junior;0
EMP0516;46;10;4;66;105;4;71;Mid;1
EMP0517;27;6;1;19;96;18;10;Mid;1
EMP0518;;13;1;64;131;13;20;Senior;1
EMP0519;41;15;5;89;62;15;27;Senior;0
EMP0520;30;4;1;;38;6;79;Lead;0
EMP0521;39;25;2;;90;14;38;Senior;0
EMP0522;24;20;4;65;93;17;66;Junior;1
EMP0523;57;12;5;86;24;15;94;Lead;1
EMP0524;27;15;3;81;190;5;29;Mid;0
EMP0525;59;13;4;62;;7;7;Lead;
EMP0526;22;6;3;18;56;4;31;Senior;
EMP0527;40;9;4;21;137;10;75;Junior;0
EMP0528;59;7;3;60;158;5;;Lead;1
EMP0529;49;26;3;68;52;4;62;Senior;
EMP0530;30;16;5;22;119;;58;Junior;0
EMP0531;31;23;1;43;130;19;33;Lead;1
EMP0532;45;2;1;94;;17;19;Mid;1
EMP0533;47;26;4;78;83;17;35;Senior;1
EMP0534;29;22;5;27;;7;;Senior;0
EMP0535;26;18;1;24;167;9;5;Mid;0
EMP0536;34;1;3;93;163;;3;Junior;
EMP0537;43;2;4;;199;6;43;Mid;1
EMP0538;55;22;1;68;5;13;83;Mid;
EMP0539;46;17;2;11;103;12;45;Senior;0
EMP0540;44;14;1;25;3;15;30;Senior;1
EMP0541;42;14;3;54;81;15;1;Lead;0
EMP0542;24;25;5;39;94;13;69;Senior;0
EMP0543;29;8;4;25;40;7;38;Junior;0
EMP0544;43;12;3;99;;;26;Mid;1
EMP0545;;25;3;71;21;11;30;Lead;1
EMP0546;44;16;;87;188;10;37;Lead;0
EMP0547;;12;3;16;165;3;48;Junior;1
EMP0548;49;17;2;56;99;7;25;Mid;1
EMP0549;56;11;3;41;199;7;6;;0
EMP0550;50;21;1;39;118;11;73;Junior;0
EMP0551;59;4;4;99;117;14;11;Senior;0
EMP0552;27;12;5;49;110;11;72;Lead;0
EMP0553;35;10;2;34;116;8;82;Senior;1
EMP0554;50;15;5;22;0;9;17;Mid;1
EMP0555;49;12;4;24;67;3;79;Lead;0
EMP0556;31;22;2;11;32;13;68;Junior;0
EMP0557;25;3;3;66;73;5;74;Senior;0
EMP0558;45;24;2;38;187;3;45;Lead;0
EMP0559;23;;5;9;93;11;41;Junior;0
EMP0560;50;18;4;96;63;18;;Lead;0
EMP0561;46;0;3;29;197;11;44;Junior;1
EMP0562;52;13;1;27;;5;44;Mid;1
EMP0563;36;1;3;98;24;1;96;Lead;0
EMP0564;59;4;3;17;110;16;67;Senior;0
EMP0565;54;16;1;8;;13;57;Lead;0
EMP0566;29;6;3;12;84;10;16;Lead;0
EMP0567;37;26;3;18;84;14;84;Lead;0
EMP0568;59;8;5;77;19;13;26;Lead;0
EMP0569;55;15;1;28;196;16;66;Mid;1
EMP0570;27;24;2;95;184;2;35;Mid;0
EMP0571;44;23;3;46;120;2;39;Lead;0
EMP0572;42;13;3;88;159;15;18;Junior;
EMP0573;56;0;5;87;11;;92;Lead;0
EMP0574;50;1;3;98;177;9;88;Junior;0
EMP0575;56;5;;88;49;18;60;Senior;0
EMP0576;23;21;5;43;164;7;80;Mid;1
EMP0577;54;2;3;80;173;15;31;Junior;1
EMP0578;47;1;3;67;175;16;92;Senior;0
EMP0579;53;10;;60;26;2;22;Senior;0
EMP0580;39;;1;75;118;10;76;Senior;0
EMP0581;55;6;4;41;113;1;;Senior;0
EMP0582;51;27;4;96;182;12;22;Junior;0
EMP0583;44;9;5;83;150;8;32;Junior;0
EMP0584;;29;1;95;34;1;;Junior;1
EMP0585;44;23;1;71;158;19;25;Junior;
EMP0586;29;14;2;89;176;9;18;Lead;1
EMP0587;35;1;2;21;60;12;27;Junior;0
EMP0588;44;22;4;35;167;1;16;Mid;0
EMP0589;35;3;1;51;151;15;79;Junior;1
EMP0590;23;29;3;;28;9;;Mid;1
EMP0591;25;27;5;;143;19;67;Lead;0
EMP0592;45;26;2;20;153;16;38;Mid;0
EMP0593;57;26;3;51;53;13;49;Mid;0
EMP0594;30;6;5;41;129;11;6;Lead;1
EMP0595;37;0;1;59;199;10;77;Junior;1
EMP0596;53;7;2;24;3;19;76;Lead;0
EMP0597;53;22;2;65;2;6;93;Junior;0
EMP0598;48;6;4;33;115;;87;Mid;0
EMP0599;;16;2;59;158;19;15;Junior;1
EMP0600;25;28;1;27;48;18;97;Junior;1
EMP0601;57;27;4;87;194;10;26;Junior;0
EMP0602;46;19;5;46;53;4;94;Mid;0
EMP0603;36;28;;96;197;11;7;Mid;0
EMP0604;33;5;4;66;22;15;72;Junior;0
EMP0605;28;2;1;;114;16;80;Senior;0
EMP0606;57;24;1;6;54;18;;Senior;0
EMP0607;45;16;3;52;69;7;59;Junior;0
EMP0608;27;10;4;1;44;11;82;Lead;1
EMP0609;52;19;5;48;75;5;27;Lead;0
EMP0610;42;8;1;;94;14;71;Junior;1
EMP0611;32;27;1;95;35;7;83;Mid;0
EMP0612;37;28;3;22;12;17;55;Lead;0
EMP0613;35;22;;87;140;1;85;Lead;0
EMP0614;46;23;5;87;25;11;79;Junior;0
EMP0615;35;8;2;17;65;15;52;Mid;0
EMP0616;59;29;3;5;114;0;43;Junior;0
EMP0617;39;20;1;33;172;12;93;Junior;0
EMP0618;35;19;2;35;114;16;55;Mid;0
EMP0619;45;22;4;8;21;;9;Senior;0
EMP0620;29;27;3;91;8;3;82;Mid;0
EMP0621;46;13;5;72;91;8;89;Lead;1
EMP0622;55;5;1;75;104;10;50;;0
EMP0623;49;28;1;;61;15;10;Mid;0
EMP0624;45;-5;5;72;;2;90;Junior;0
EMP0625;39;14;1;37;81;10;48;Senior;0
EMP0626;55;17;2;60;123;18;77;Senior;0
EMP0627;24;24;4;;17;16;81;Lead;1
EMP0628;33;19;1;98;188;14;67;Lead;1
EMP0629;57;22;;18;91;18;61;Mid;0
EMP0630;26;26;2;30;92;10;81;Lead;1
EMP0631;40;2;3;40;60;18;16;Senior;1
EMP0632;33;20;4;18;177;17;32;Lead;0
EMP0633;48;26;4;3;195;11;99;Junior;0
EMP0634;38;7;1;46;36;0;70;Junior;0
EMP0635;49;19;1;54;43;9;29;Junior;0
EMP0636;43;11;1;72;90;0;82;Lead;0
EMP0637;31;21;2;59;103;16;88;Lead;0
EMP0638;27;4;3;82;2;13;44;Lead;0
EMP0639;38;0;5;;154;1;96;Mid;0
EMP0640;33;8;2;81;150;11;7;Lead;0
EMP0641;27;16;5;25;116;15;59;Lead;0
EMP0642;43;27;5;61;65;4;86;Mid;1
EMP0643;37;2;5;38;170;14;52;Mid;0
EMP0644;25;28;1;32;194;15;79;Junior;0
EMP0645;46;17;5;77;103;4;70;Senior;0
EMP0646;54;5;3;51;56;7;;;0
EMP0647;22;11;1;33;93;10;86;Senior;1
EMP0648;36;21;3;22;76;11;13;Senior;1
EMP0649;38;5;4;31;135;0;38;Junior;0
EMP0650;40;3;3;70;178;10;79;Lead;0
EMP0651;40;21;5;38;;11;78;Junior;1
EMP0652;41;20;4;75;;16;29;Lead;
EMP0653;22;18;5;69;62;12;98;Mid;1
EMP0654;44;25;2;4;156;0;44;Senior;0
EMP0655;37;2;5;2;96;14;45;;0
EMP0656;45;13;4;7;107;1;2;Senior;0
EMP0657;41;21;5;38;58;17;57;Senior;1
EMP0658;36;1;4;;21;7;21;Mid;0
EMP0659;45;10;2;81;68;18;60;Lead;0
EMP0660;58;8;5;50;162;18;87;Junior;0
EMP0661;54;5;4;6;128;16;61;Mid;
EMP0662;53;8;4;29;176;6;46;Lead;0
EMP0663;52;17;4;95;148;14;92;Junior;0
EMP0664;36;19;4;;10;10;37;Lead;1
EMP0665;22;16;5;0;65;2;30;Senior;1
EMP0666;33;20;1;14;65;18;91;Mid;
EMP0667;56;29;3;85;191;13;54;Mid;1
EMP0668;58;20;4;52;10;18;79;Junior;0
EMP0669;51;10;1;51;136;16;1;Mid;0
EMP0670;47;8;5;47;;10;75;Lead;0
EMP0671;32;27;2;33;3;11;88;Senior;1
EMP0672;53;18;4;90;78;14;91;Lead;0
EMP0673;23;20;1;20;90;10;93;;0
EMP0674;31;2;;83;119;19;38;Junior;0
EMP0675;43;1;2;57;120;12;11;Junior;1
EMP0676;30;26;1;59;93;15;34;Mid;0
EMP0677;51;23;1;67;71;11;4;Mid;1
EMP0678;;2;3;58;118;4;5;Mid;0
EMP0679;42;19;5;81;82;17;36;Senior;1
EMP0680;39;16;2;33;;2;38;Junior;1
EMP0681;41;20;4;72;49;15;76;Junior;0
EMP0682;37;21;3;40;171;0;10;Lead;0
EMP0683;56;23;4;36;30;19;46;Mid;0
EMP0684;50;10;3;40;84;8;80;Senior;
EMP0685;51;;1;73;32;9;98;Senior;0
EMP0686;24;28;2;38;137;4;95;Senior;1
EMP0687;53;;3;52;76;14;8;Mid;0
EMP0688;35;2;1;76;190;19;91;Junior;
EMP0689;47;22;3;36;191;18;30;Mid;0
EMP0690;26;13;5;70;141;4;90;Lead;0
EMP0691;49;24;2;69;16;7;46;Mid;1
EMP0692;29;23;5;18;;8;75;Mid;0
EMP0693;54;21;4;24;53;14;91;Mid;
EMP0694;57;6;5;73;32;1;45;Mid;0
EMP0695;34;23;1;85;11;;19;Junior;0
EMP0696;41;;4;63;118;;20;Senior;1
EMP0697;39;18;4;62;63;4;19;Mid;1
EMP0698;41;1;4;90;161;13;16;Junior;0
EMP0699;54;6;2;86;57;6;45;Mid;1
EMP0700;42;15;4;17;94;17;15;Lead;0
EMP0701;45;0;5;49;95;6;90;Junior;1
EMP0702;49;21;4;45;125;19;44;Junior;1
EMP0703;26;13;2;65;65;2;76;Junior;1
EMP0704;51;2;3;31;56;18;44;Lead;
EMP0705;45;13;2;73;6;16;92;Mid;1
EMP0706;35;22;2;25;;8;56;Junior;1
EMP0707;57;;5;52;170;16;85;Senior;1
EMP0708;57;21;3;95;1;13;36;Lead;1
EMP0709;47;26;1;94;188;15;67;Junior;0
EMP0710;34;2;4;73;92;3;96;Senior;
EMP0711;42;5;4;96;145;18;63;Senior;0
EMP0712;;26;5;35;24;18;42;Lead;0
EMP0713;55;12;1;10;38;6;24;Junior;0
EMP0714;35;22;3;96;157;18;78;Lead;1
EMP0715;42;10;2;91;45;14;73;Senior;0
EMP0716;40;;4;13;;16;47;Senior;0
EMP0717;33;26;3;19;;12;87;Lead;1
EMP0718;57;28;5;39;187;15;51;Senior;0
EMP0719;51;10;2;11;;13;;Mid;0
EMP0720;54;1;5;32;134;4;36;Junior;0
EMP0721;44;27;2;6;127;13;34;Lead;0
EMP0722;;11;2;85;138;3;44;Senior;0
EMP0723;49;24;4;79;111;17;;Senior;
EMP0724;49;23;5;16;18;16;63;Mid;0
EMP0725;40;26;3;94;33;5;51;Lead;0
EMP0726;58;23;3;61;107;4;10;Junior;0
EMP0727;52;0;4;66;175;7;84;Lead;1
EMP0728;38;17;1;56;33;4;69;Mid;0
EMP0729;49;7;2;86;79;11;15;Senior;1
EMP0730;25;20;2;66;155;0;33;Junior;0
EMP0731;27;21;3;59;157;15;28;Junior;1
EMP0732;40;18;3;59;168;9;63;Junior;0
EMP0733;44;1;1;8;38;14;33;Mid;0
EMP0734;27;16;5;46;64;7;92;Junior;0
EMP0735;45;;;89;129;6;96;Lead;1
EMP0736;43;18;5;88;41;8;67;Senior;0
EMP0737;42;22;5;18;118;17;64;Lead;
EMP0738;35;3;4;36;106;17;44;Senior;1
EMP0739;45;9;4;48;55;16;87;Junior;0
EMP0740;46;10;5;6;105;5;59;Lead;0
EMP0741;38;13;5;15;40;19;22;;0
EMP0742;56;13;5;56;180;10;4;Junior;0
EMP0743;;25;1;69;184;6;96;Mid;0
EMP0744;49;10;4;39;108;7;21;Mid;0
EMP0745;23;24;1;;13;9;62;Mid;0
EMP0746;55;10;4;;9;;21;;0
EMP0747;22;3;2;26;38;5;99;Lead;0
EMP0748;24;25;2;74;1;6;43;Lead;0
EMP0749;43;24;3;16;169;10;44;Mid;0
EMP0750;25;22;4;4;176;15;51;Senior;
EMP0751;36;9;4;39;164;19;88;Lead;0
EMP0752;57;13;5;46;74;7;14;Mid;0
EMP0753;33;17;3;31;36;8;3;Lead;1
EMP0754;58;16;2;62;83;12;24;;0
EMP0755;28;5;2;94;119;4;42;Junior;0
EMP0756;52;4;1;29;139;13;77;Lead;0
EMP0757;26;18;2;17;198;;81;Junior;0
EMP0758;48;5;1;2;133;17;74;Mid;0
EMP0759;46;10;1;48;109;1;30;Senior;0
EMP0760;38;11;1;71;117;2;;Lead;0
EMP0761;49;2;;54;198;15;78;Senior;0
EMP0762;48;14;4;29;159;9;;Lead;0
EMP0763;;23;5;;177;12;64;Senior;0
EMP0764;50;3;5;15;163;15;83;Mid;0
EMP0765;48;21;1;19;27;14;2;Mid;0
EMP0766;38;12;4;21;182;0;59;Lead;1
EMP0767;59;13;3;73;131;6;91;Mid;0
EMP0768;37;13;2;21;177;10;87;Mid;0
EMP0769;30;5;2;37;139;14;12;Junior;1
EMP0770;53;10;5;36;145;10;52;Junior;0
EMP0771;22;29;1;84;50;2;95;Senior;1
EMP0772;30;22;4;71;73;10;73;Senior;0
EMP0773;28;2;;2;107;;94;Mid;1
EMP0774;58;8;2;91;60;14;56;Lead;1
EMP0775;200;14;4;25;193;2;0;Lead;1
EMP0776;58;6;4;42;35;;76;Mid;0
EMP0777;25;3;;58;61;10;20;Senior;1
EMP0778;58;11;4;68;137;7;89;Mid;1
EMP0779;31;24;4;94;61;8;55;Junior;1
EMP0780;31;14;5;83;107;8;79;Lead;0
EMP0781;56;29;2;7;29;;55;Lead;0
EMP0782;29;26;1;85;59;16;20;Senior;0
EMP0783;44;17;1;56;80;18;;Lead;0
EMP0784;28;7;;39;21;14;;Senior;0
EMP0785;23;26;2;25;100;2;26;Junior;0
EMP0786;59;14;5;51;;11;68;Mid;0
EMP0787;41;;1;77;32;15;38;Senior;1
EMP0788;52;16;2;12;31;3;70;Mid;0
EMP0789;51;26;2;74;79;7;36;Lead;0
EMP0790;46;18;5;;25;;70;Junior;0
EMP0791;31;0;;76;142;4;35;Lead;1
EMP0792;38;20;2;18;94;6;55;Mid;0
EMP0793;30;20;4;62;164;9;18;Senior;0
EMP0794;53;23;1;13;73;18;23;Junior;0
EMP0795;45;22;3;77;112;12;19;;0
EMP0796;37;7;5;6;166;18;90;Junior;0
EMP0797;33;13;4;60;62;18;5;Junior;0
EMP0798;56;6;2;62;54;5;;Senior;0
EMP0799;38;23;3;78;163;1;87;Lead;0
EMP0800;50;29;2;29;87;18;56;Lead;0
EMP0801;57;8;3;80;198;;85;Lead;0
EMP0802;56;27;5;81;87;17;74;;0
EMP0803;25;10;5;31;19;9;85;Mid;0
EMP0804;28;2;;18;4;10;97;Mid;0
EMP0805;40;14;1;57;132;3;98;Junior;1
EMP0806;;20;2;89;180;12;32;Mid;1
EMP0807;43;19;3;80;79;13;82;Junior;1
EMP0808;42;27;4;91;176;10;86;Junior;0
EMP0809;26;4;1;84;147;17;13;Senior;1
EMP0810;53;4;3;36;23;4;1;Lead;0
EMP0811;22;15;1;30;107;6;71;Junior;1
EMP0812;41;26;1;70;3;1;34;Senior;
EMP0813;49;22;5;27;4;6;92;Mid;1
EMP0814;58;29;1;40;136;10;79;Lead;0
EMP0815;;5;5;39;176;18;87;Mid;0
EMP0816;39;29;4;75;54;16;5;Senior;1
EMP0817;26;6;1;69;18;18;21;Junior;1
EMP0818;52;14;4;64;162;2;27;Junior;0
EMP0819;23;29;2;44;186;;20;Senior;0
EMP0820;30;21;1;9;7;8;28;Lead;
EMP0821;23;17;1;75;91;14;8;Mid;1
EMP0822;39;8;3;82;23;7;;Lead;0
EMP0823;56;13;2;67;160;;99;Mid;0
EMP0824;46;14;1;7;147;10;92;Lead;0
EMP0825;37;2;2;6;90;15;49;Junior;1
EMP0826;41;21;;8;20;17;72;Senior;0
EMP0827;25;18;5;79;88;4;19;Senior;0
EMP0828;53;6;1;23;120;9;43;Lead;0
EMP0829;41;10;3;52;40;2;4;;0
EMP0830;36;1;4;26;90;10;61;Junior;1
EMP0831;39;0;1;74;137;7;22;Mid;0
EMP0832;;5;5;74;188;19;41;Junior;0
EMP0833;24;29;2;27;128;2;66;Mid;1
EMP0834;;2;1;93;174;17;10;Senior;0
EMP0835;50;13;3;87;190;12;12;Senior;0
EMP0836;29;18;4;40;145;17;74;Mid;1
EMP0837;22;;5;89;3;6;6;Lead;0
EMP0838;42;20;1;18;;17;33;Senior;0
EMP0839;23;10;;14;146;10;44;Junior;1
EMP0840;55;23;1;11;172;8;41;Junior;0
EMP0841;42;22;1;90;79;3;53;Lead;0
EMP0842;54;23;2;29;105;14;87;Lead;0
EMP0843;28;26;1;8;133;;22;Senior;0
EMP0844;36;3;2;;3;8;4;;1
EMP0845;30;4;5;30;1;13;62;Junior;1
EMP0846;51;11;5;23;190;13;70;Junior;0
EMP0847;38;14;1;85;12;13;97;Senior;0
EMP0848;59;0;2;61;131;10;97;Junior;0
EMP0849;42;25;2;80;12;6;51;Junior;1
EMP0850;24;6;2;3;999;18;72;Junior;1
EMP0851;58;23;5;98;104;13;11;Mid;0
EMP0852;38;19;5;90;115;;12;Junior;0
EMP0853;38;8;4;24;143;7;64;Junior;0
EMP0854;32;;5;97;80;5;76;Senior;1
EMP0855;31;24;3;42;46;17;3;Lead;
EMP0856;22;19;1;87;155;6;36;Senior;0
EMP0857;;25;1;41;110;12;;Senior;0
EMP0858;46;16;5;14;;19;50;Senior;0
EMP0859;37;26;2;29;57;11;67;Senior;1
EMP0860;;3;1;74;162;10;78;Lead;0
EMP0861;53;2;5;9;23;18;73;Senior;0
EMP0862;46;15;4;55;45;1;59;Senior;1
EMP0863;34;8;3;91;83;0;83;Senior;0
EMP0864;37;28;3;70;171;6;79;Junior;0
EMP0865;41;16;4;2;191;12;99;Junior;0
EMP0866;49;21;5;82;142;5;88;Junior;0
EMP0867;;6;1;78;31;17;86;;0
EMP0868;52;15;5;76;89;19;23;Mid;0
EMP0869;49;12;5;95;53;5;46;Junior;0
EMP0870;50;17;3;50;197;0;45;Mid;0
EMP0871;55;7;4;54;;14;10;Mid;1
EMP0872;58;1;3;0;18;12;64;Junior;1
EMP0873;41;;2;;29;18;64;Senior;
EMP0874;26;13;3;6;22;9;70;Junior;0
EMP0875;;19;5;7;124;1;15;Mid;1
EMP0876;58;15;4;45;118;19;95;Mid;
EMP0877;58;10;;0;57;13;52;Mid;1
EMP0878;52;18;1;65;148;15;62;Junior;0
EMP0879;54;8;2;93;60;6;15;Junior;1
EMP0880;53;28;2;66;26;11;;Lead;1
EMP0881;38;;2;58;5;16;4;Mid;0
EMP0882;44;26;5;11;145;7;18;;0
EMP0883;58;1;1;30;186;0;35;;0
EMP0884;38;7;2;99;161;1;75;Mid;1
EMP0885;39;23;1;50;156;0;76;Mid;0
EMP0886;35;24;3;68;120;17;34;Junior;0
EMP0887;37;6;2;17;86;9;28;Mid;0
EMP0888;45;24;3;86;;19;40;Senior;1
EMP0889;;3;1;6;128;17;68;Mid;0
EMP0890;34;20;4;;30;3;77;Junior;
EMP0891;42;22;4;14;64;10;42;Junior;1
EMP0892;40;3;4;86;198;;3;Senior;0
EMP0893;37;27;3;23;164;17;17;;0
EMP0894;49;15;5;32;100;14;23;Senior;0
EMP0895;26;24;4;47;170;12;54;Senior;0
EMP0896;29;3;5;93;191;1;68;Senior;0
EMP0897;36;8;4;97;93;17;7;Lead;0
EMP0898;30;2;3;8;98;16;13;Lead;0
EMP0899;39;;3;41;67;17;87;Senior;0
EMP0900;41;22;2;30;132;11;46;Junior;1
EMP0901;57;9;3;63;16;8;88;Mid;1
EMP0902;47;3;3;62;177;15;8;Lead;0
EMP0903;23;8;2;0;23;12;64;Senior;1
EMP0904;59;29;4;96;128;11;61;Lead;0
EMP0905;27;0;3;32;138;5;50;Lead;0
EMP0906;24;0;3;;108;0;26;Lead;0
EMP0907;42;8;5;90;37;;44;Lead;0
EMP0908;44;26;1;8;55;;51;Senior;1
EMP0909;47;2;3;4;95;0;;Junior;0
EMP0910;43;10;1;53;130;8;0;Mid;0
EMP0911;41;18;4;10;147;8;15;Mid;1
EMP0912;51;0;2;57;3;19;94;Mid;1
EMP0913;53;5;4;30;77;16;37;;1
EMP0914;23;25;5;42;121;17;11;Lead;0
EMP0915;59;13;3;32;198;12;59;Lead;1
EMP0916;51;17;4;28;160;9;57;Lead;0
EMP0917;;10;2;2;185;11;32;Lead;0
EMP0918;48;19;1;55;187;16;61;Senior;0
EMP0919;33;17;4;52;172;7;94;Junior;1
EMP0920;44;23;5;89;131;17;;;0
EMP0921;36;19;;64;112;8;4;Senior;0
EMP0922;56;19;3;14;44;0;74;Lead;0
EMP0923;24;19;5;3;16;6;51;Mid;1
EMP0924;36;100;5;;71;7;10;Lead;0
EMP0925;26;21;1;;113;19;39;Senior;0
EMP0926;;12;3;87;5000;11;72;Senior;0
EMP0927;31;17;1;32;23;7;76;Senior;0
EMP0928;43;28;1;80;150;13;19;Junior;0
EMP0929;;28;4;22;156;11;89;Mid;0
EMP0930;59;8;2;;190;16;49;Mid;0
EMP0931;;21;2;92;80;14;96;Senior;1
EMP0932;23;14;4;78;58;11;;Senior;1
EMP0933;46;15;1;84;182;18;28;Lead;0
EMP0934;59;;;46;64;7;34;;0
EMP0935;51;21;2;61;65;17;82;Senior;1
EMP0936;27;11;4;61;182;12;68;Senior;0
EMP0937;36;14;;88;175;6;4;Senior;0
EMP0938;42;21;4;80;83;10;85;Mid;1
EMP0939;41;29;1;12;134;5;4;Junior;1
EMP0940;34;10;1;71;50;4;;Mid;0
EMP0941;32;0;1;;187;8;15;Lead;1
EMP0942;25;20;1;34;93;15;60;Senior;0
EMP0943;55;28;5;90;191;16;51;Senior;
EMP0944;35;14;3;25;23;14;11;Mid;0
EMP0945;59;27;4;50;109;14;90;Lead;
EMP0946;33;7;4;3;56;13;95;Mid;0
EMP0947;35;9;;43;;10;88;Mid;1
EMP0948;35;5;4;;19;5;97;Mid;
EMP0949;46;;2;40;133;14;50;Senior;0
EMP0950;40;27;4;60;135;13;44;Junior;0
EMP0951;39;20;2;54;38;1;88;;0
EMP0952;33;5;3;1;59;12;6;Senior;0
EMP0953;24;;5;61;14;14;40;Junior;0
EMP0954;58;11;2;48;110;1;25;Senior;1
EMP0955;30;25;4;73;199;5;52;Lead;0
EMP0956;50;6;4;64;115;10;91;Senior;0
EMP0957;49;19;2;27;138;19;49;Junior;0
EMP0958;43;14;4;93;46;16;67;Junior;1
EMP0959;22;4;5;47;25;8;53;Senior;1
EMP0960;33;2;5;15;78;11;93;Senior;0
EMP0961;25;7;3;13;64;13;99;Lead;0
EMP0962;;12;1;50;13;15;31;Mid;0
EMP0963;24;27;5;78;117;15;50;Junior;0
EMP0964;27;26;2;;110;15;93;Lead;1
EMP0965;22;28;4;23;152;5;9;Junior;0
EMP0966;38;17;;28;177;2;61;Lead;0
EMP0967;24;17;2;99;101;0;90;Junior;
EMP0968;24;28;1;97;37;16;65;Mid;0
EMP0969;;23;1;67;;2;17;Mid;0
EMP0970;39;17;1;91;86;13;99;Lead;0
EMP0971;54;18;5;29;10;9;75;Lead;0
EMP0972;47;16;4;84;71;19;37;Senior;1
EMP0973;43;7;1;70;133;10;56;Mid;1
EMP0974;22;20;1;59;134;5;1;Junior;0
EMP0975;40;3;3;49;123;1;50;Lead;0
EMP0976;27;5;4;38;14;9;40;Lead;1
EMP0977;47;28;5;50;103;16;6;Junior;0
EMP0978;42;21;4;94;;1;82;;0
EMP0979;26;15;5;15;143;0;15;Lead;1
EMP0980;39;4;1;92;72;7;40;;0
EMP0981;36;9;4;95;139;13;12;Lead;1
EMP0982;41;9;5;13;13;4;38;Mid;0
EMP0983;49;27;4;56;176;4;93;Mid;0
EMP0984;58;10;2;77;69;7;13;Mid;0
EMP0985;30;7;4;48;19;11;86;Mid;0
EMP0986;47;26;3;30;28;16;75;Senior;1
EMP0987;41;4;3;67;97;1;21;Junior;0
EMP0988;28;9;5;75;139;10;6;Senior;0
EMP0989;30;10;3;43;129;5;68;Lead;1
EMP0990;54;24;;46;139;16;62;Junior;1
EMP0991;43;9;1;44;185;8;65;;0
EMP0992;22;26;;51;154;0;74;Senior;0
EMP0993;29;17;4;94;175;2;;Senior;0
EMP0994;55;2;4;64;147;14;87;Junior;1
EMP0995;46;1;2;29;98;2;92;Junior;1
EMP0996;54;12;1;;81;5;95;Senior;0
EMP0997;30;13;3;15;166;13;19;Mid;0
EMP0998;100;2;3;53;80;16;42;Lead;0
EMP0999;32;18;1;;183;1;34;Senior;0
EMP1000;40;15;4;51;152;18;3;Senior;0
